{"lr-SGD": 0.003333333333333333, "trainer/global_step": 4669, "_timestamp": 1688654568.8519025, "_runtime": 1345.4494514465332, "_step": 933, "train/loss": 3.1335721015930176, "train/f1": 0.4637681245803833, "train/precision": 0.5714285969734192, "train/recall": 0.39024388790130615, "epoch": 0}