{"lr-SGD": 0.003333333333333333, "trainer/global_step": 469, "_timestamp": 1688650023.3675356, "_runtime": 145.01012468338013, "_step": 93, "train/loss": 4.837734222412109, "train/f1": 0.21212121844291687, "train/precision": 0.2916666567325592, "train/recall": 0.1666666716337204, "epoch": 0, "_wandb": {"runtime": 145}}